{
  "hide": {
    "centroid": 24.715488473229346,
    "spread": 31.2459754255009,
    "flatness": 0.12140604456198192,
    "rms": 0.28264483025849385,
    "low": 15.569961456047498,
    "mid": 2.5651720359835273,
    "high": 0.13824751453740605
  },
  "itero": {
    "centroid": 25.692941548348024,
    "spread": 33.592476167169366,
    "flatness": 0.1446670517341344,
    "rms": 0.31824353125331306,
    "low": 18.15110572721419,
    "mid": 2.7444907787637836,
    "high": 0.2253739393800613
  },
  "luna": {
    "centroid": 30.36851081959826,
    "spread": 39.912157790940725,
    "flatness": 0.2022446930302476,
    "rms": 0.2774228195746725,
    "low": 15.235847383145417,
    "mid": 2.416942609940318,
    "high": 0.3145000971706271
  },
  "second-sight": {
    "centroid": 25.007317850243457,
    "spread": 31.60089163761226,
    "flatness": 0.12167046287344438,
    "rms": 0.2844214622419555,
    "low": 15.706406150384934,
    "mid": 2.4993343108841457,
    "high": 0.17061212632340772
  },
  "surreal": {
    "centroid": 29.885646222330315,
    "spread": 38.68793688101655,
    "flatness": 0.19333259303878994,
    "rms": 0.2837126686508103,
    "low": 15.541956247660336,
    "mid": 2.6866489258036923,
    "high": 0.303139333340616
  },
  "suspendo": {
    "centroid": 27.62032027348435,
    "spread": 35.91372323834472,
    "flatness": 0.1628549586363046,
    "rms": 0.3247947493774956,
    "low": 18.1225218101943,
    "mid": 3.151553585513808,
    "high": 0.2279603182515108
  }
}